{
  "ambientocclusion": false,
  "textures": {
    "particle": "blocks/redstone_dust_dot",
    "0": "blocks/redstone_dust_dot",
    "1": "blocks/redstone_dust_dot_overlay"
  },
  "elements": [
    {
      "from": [ 0, 0.3, 0 ],
      "to": [ 16, 0.3, 16 ],
      "shade": false,
      "faces": { "up": { "uv": [ 0, 0, 16, 16], "texture": "#0", "tintindex": 0 } }
    },
    {
      "from": [ 0, 0.3, 0 ],
      "to": [ 16, 0.3, 16 ],
      "shade": false,
      "faces": { "up": { "uv": [ 0, 0, 16, 16 ], "texture": "#1" } }
    }
  ]
}
